{
  "A \u2014 E only": {
    "mean_F1": 0.446470342522974,
    "std_F1": 0.17670439647206326,
    "fold_F1": [
      0.41269841269841273,
      0.3057644110275689,
      0.3,
      0.7833333333333333,
      0.4305555555555555
    ]
  },
  "B \u2014 Rp only": {
    "mean_F1": 0.36634170840053193,
    "std_F1": 0.07577250686065502,
    "fold_F1": [
      0.35648148148148145,
      0.5079365079365079,
      0.3434343434343434,
      0.3444444444444444,
      0.27941176470588236
    ]
  },
  "C \u2014 (lDa,lb,S) GPC [ours]": {
    "mean_F1": 0.6127736006683375,
    "std_F1": 0.16771962032965493,
    "fold_F1": [
      0.7555555555555555,
      0.8666666666666667,
      0.4360902255639097,
      0.5166666666666667,
      0.48888888888888893
    ]
  },
  "D \u2014 (lDa,lb,S) RF": {
    "mean_F1": 0.5235335814283182,
    "std_F1": 0.13576622569031743,
    "fold_F1": [
      0.4646464646464647,
      0.7857142857142857,
      0.4360902255639097,
      0.5185185185185185,
      0.41269841269841273
    ]
  },
  "E \u2014 (lDa,lb,S) SVC": {
    "mean_F1": 0.4678223336118073,
    "std_F1": 0.07430602207038065,
    "fold_F1": [
      0.38888888888888884,
      0.5092592592592592,
      0.4360902255639097,
      0.5925925925925926,
      0.41228070175438597
    ]
  }
}