{
  "param_names": [
    "$V_{max}$",
    "$K_m$",
    "$D_0$",
    "$R_p$",
    "$E$",
    "$n_s$"
  ],
  "delta": {
    "S1": [
      0.02629494036593094,
      0.11490711338964876,
      0.018029041504124134,
      0.38208657420758346,
      0.0,
      0.17543731166210214
    ],
    "S1_conf": [
      0.017067965319127253,
      0.06414868839727732,
      0.01905272719255408,
      0.09791512826202595,
      0.0,
      0.04130467109471353
    ],
    "ST": [
      0.05512933119461222,
      0.3006089877410627,
      0.043302232935820244,
      0.6389297805075965,
      0.0,
      0.38079643539655444
    ],
    "ST_conf": [
      0.013690162289829645,
      0.05017102066601224,
      0.01108522774378687,
      0.09981487367486537,
      0.0,
      0.075429091128787
    ]
  },
  "Sigma": {
    "S1": [
      0.0,
      0.0,
      0.0,
      0.7738729176160029,
      0.14005658363476983,
      0.0
    ],
    "S1_conf": [
      0.0,
      0.0,
      0.0,
      0.11052327277420153,
      0.03353202847621291,
      0.0
    ],
    "ST": [
      0.0,
      0.0,
      0.0,
      0.8576316105716839,
      0.23968457164417517,
      0.0
    ],
    "ST_conf": [
      0.0,
      0.0,
      0.0,
      0.08473754574871938,
      0.04098662995292211,
      0.0
    ]
  }
}